"ShaderTypeName","ShaderType","Frequency","NumShaders","ShadersSize"
"FARGB16BigConvertPS","Global","SF_Pixel","1","1987"
"FAYUVConvertPS","Global","SF_Pixel","1","1325"
"FAccumulateCubeFacesPS","Global","SF_Pixel","1","927"
"FAccumulateDiffuseIrradiancePS","Global","SF_Pixel","1","2245"
"FAlphaInvertPS","Global","SF_Pixel","1","613"
"FApplyLowerHemisphereColorPS","Global","SF_Pixel","1","1592"
"FBMPConvertPS","Global","SF_Pixel","1","1180"
"FBinkDrawICtCpPS","Global","SF_Pixel","8","13551"
"FBinkDrawVS","Global","SF_Vertex","1","788"
"FBinkDrawYCbCrPS","Global","SF_Pixel","4","4356"
"FBuildIndirectDispatchArgsBufferCS","Global","SF_Compute","1","1006"
"FBuildInstanceIdBufferAndCommandsFromPrimitiveIdsCs","Global","SF_Compute","32","225873"
"FBuildLandscapeTileDataCS","Global","SF_Compute","1","3539"
"FCapsuleShadowingCS","Global","SF_Compute","7","32159"
"FCapsuleShadowingUpsamplePS","Global","SF_Pixel","4","6741"
"FCapsuleShadowingUpsampleVS","Global","SF_Vertex","1","1295"
"FClearIndirectArgInstanceCountCs","Global","SF_Compute","1","719"
"FClearIndirectDispatchArgsCS","Global","SF_Compute","1","862"
"FClearMessageBufferCS","Global","SF_Compute","1","439"
"FClearPressureGridCS","Global","SF_Compute","1","1314"
"FClearReplacementCS_Buffer_Float4_Bounds","Global","SF_Compute","1","770"
"FClearReplacementCS_Buffer_Float_Bounds","Global","SF_Compute","1","764"
"FClearReplacementCS_Buffer_Sint4_Bounds","Global","SF_Compute","1","761"
"FClearReplacementCS_Buffer_Uint","Global","SF_Compute","1","520"
"FClearReplacementCS_Buffer_Uint4","Global","SF_Compute","1","527"
"FClearReplacementCS_Buffer_Uint4_Bounds","Global","SF_Compute","1","754"
"FClearReplacementCS_Buffer_Uint_Bounds","Global","SF_Compute","1","747"
"FClearReplacementCS_Buffer_Uint_Zero","Global","SF_Compute","1","434"
"FClearReplacementCS_LargeBuffer_Float4_Bounds","Global","SF_Compute","1","766"
"FClearReplacementCS_LargeBuffer_Float_Bounds","Global","SF_Compute","1","760"
"FClearReplacementCS_LargeBuffer_Sint4_Bounds","Global","SF_Compute","1","758"
"FClearReplacementCS_LargeBuffer_Uint","Global","SF_Compute","1","518"
"FClearReplacementCS_LargeBuffer_Uint4","Global","SF_Compute","1","525"
"FClearReplacementCS_LargeBuffer_Uint4_Bounds","Global","SF_Compute","1","751"
"FClearReplacementCS_LargeBuffer_Uint_Bounds","Global","SF_Compute","1","743"
"FClearReplacementCS_StructuredBuffer_Float4_Bounds","Global","SF_Compute","1","802"
"FClearReplacementCS_StructuredBuffer_Float_Bounds","Global","SF_Compute","1","800"
"FClearReplacementCS_StructuredBuffer_Sint4_Bounds","Global","SF_Compute","1","791"
"FClearReplacementCS_StructuredBuffer_Uint","Global","SF_Compute","1","545"
"FClearReplacementCS_StructuredBuffer_Uint4","Global","SF_Compute","1","555"
"FClearReplacementCS_StructuredBuffer_Uint4_Bounds","Global","SF_Compute","1","788"
"FClearReplacementCS_StructuredBuffer_Uint_Bounds","Global","SF_Compute","1","778"
"FClearReplacementCS_StructuredBuffer_Uint_Zero","Global","SF_Compute","1","493"
"FClearReplacementCS_Texture2DArray_Float4","Global","SF_Compute","1","533"
"FClearReplacementCS_Texture2DArray_Float4_Bounds","Global","SF_Compute","1","782"
"FClearReplacementCS_Texture2DArray_Sint4_Bounds","Global","SF_Compute","1","769"
"FClearReplacementCS_Texture2DArray_Uint","Global","SF_Compute","1","515"
"FClearReplacementCS_Texture2DArray_Uint4","Global","SF_Compute","1","522"
"FClearReplacementCS_Texture2DArray_Uint4_Bounds","Global","SF_Compute","1","754"
"FClearReplacementCS_Texture2DArray_Uint_Zero","Global","SF_Compute","1","416"
"FClearReplacementCS_Texture2D_Float4","Global","SF_Compute","1","537"
"FClearReplacementCS_Texture2D_Float4_Bounds","Global","SF_Compute","1","761"
"FClearReplacementCS_Texture2D_Sint4_Bounds","Global","SF_Compute","1","749"
"FClearReplacementCS_Texture2D_Uint4","Global","SF_Compute","1","524"
"FClearReplacementCS_Texture2D_Uint4_Bounds","Global","SF_Compute","1","736"
"FClearReplacementCS_Texture3D_Float4","Global","SF_Compute","1","515"
"FClearReplacementCS_Texture3D_Float4_Bounds","Global","SF_Compute","1","764"
"FClearReplacementCS_Texture3D_Sint4_Bounds","Global","SF_Compute","1","752"
"FClearReplacementCS_Texture3D_Uint4","Global","SF_Compute","1","503"
"FClearReplacementCS_Texture3D_Uint4_Bounds","Global","SF_Compute","1","737"
"FClearReplacementPS","Global","SF_Pixel","1","482"
"FClearReplacementPS_128","Global","SF_Pixel","1","482"
"FClearReplacementPS_Zero","Global","SF_Pixel","1","331"
"FClearReplacementVS","Global","SF_Vertex","1","441"
"FClearReplacementVS_Bounds","Global","SF_Vertex","1","591"
"FClearReplacementVS_Depth","Global","SF_Vertex","1","577"
"FClearUAVBuildIndirectDispatchBufferCS","Global","SF_Compute","1","894"
"FClearUAVCS","Global","SF_Compute","1","730"
"FClearVelocityGridCS","Global","SF_Compute","1","687"
"FCombineShadingRateTexturesCS","Global","SF_Compute","1","639"
"FCompactViewsVSM_CS","Global","SF_Compute","1","2763"
"FCompositeCoreDilateShader","Global","SF_Compute","3","5358"
"FCompositeCoreDisplayTransformShader","Global","SF_Pixel","1","1052"
"FCompositeCoreMergeShader","Global","SF_Pixel","2","5548"
"FComputeBrightnessPS","Global","SF_Pixel","1","1051"
"FComputeCubeMaxLuminancePS","Global","SF_Pixel","1","1040"
"FComputeSkyEnvMapDiffuseIrradianceCS","Global","SF_Compute","1","3394"
"FComputeVariableRateShadingImageGeneration","Global","SF_Compute","1","1127"
"FConvolveSpecularFaceCS","Global","SF_Compute","1","2600"
"FCopyCompressCS","Global","SF_Compute","20","46248"
"FCopyCubemapToCubeFacePS","Global","SF_Pixel","1","1840"
"FCopyCubemapToIlluminanceMeterCubemapPS","Global","SF_Pixel","1","1549"
"FCopyDiffuseIrradiancePS","Global","SF_Pixel","1","1775"
"FCopyEyeAdaptationToTextureCS","Global","SF_Compute","1","594"
"FCopyRectPS","Global","SF_Pixel","1","578"
"FCopyRectSrvPS","Global","SF_Pixel","1","578"
"FCopySceneColorTexturePS","Global","SF_Pixel","1","1430"
"FCopySceneColorToCubeFacePS","Global","SF_Pixel","1","1439"
"FCopyShadowMaps2DPS","Global","SF_Pixel","1","648"
"FCopyShadowMapsCubePS","Global","SF_Pixel","1","1127"
"FCopyToCubeFaceVS","Global","SF_Vertex","1","1348"
"FCopyUIntBufferCS","Global","SF_Compute","1","820"
"FCopyVelocityGridCS","Global","SF_Compute","1","763"
"FCropDistortionDisplacementMapCS","Global","SF_Compute","1","682"
"FCrosshairOverlayPS","Global","SF_Pixel","1","1202"
"FCubeDownsampleMaxPS","Global","SF_Pixel","1","1741"
"FCubeDownsamplePS","Global","SF_Pixel","1","1780"
"FCubeFilterPS","Global","SF_Pixel","1","2370"
"FDeferredDecalVS","Global","SF_Vertex","1","506"
"FDeferredLightVS","Global","SF_Vertex","1","1314"
"FDeformGuideCS","Global","SF_Compute","5","8067"
"FDesaturatePS","Global","SF_Pixel","1","685"
"FDeviceEncodingOnlyPS","Global","SF_Pixel","4","26291"
"FDisplayMappingPS","Global","SF_Pixel","4","6015"
"FDistortionApplyScreenPS","Global","SF_Pixel","1","1052"
"FDistortionMergeScreenPS","Global","SF_Pixel","2","1537"
"FDownsampleCubeFaceCS","Global","SF_Compute","1","2008"
"FDownsampleIntegrateCubemapIlluminancePS","Global","SF_Pixel","1","1721"
"FDownsamplePS","Global","SF_Pixel","2","1888"
"FDrawDebugCardAtlasCS","Global","SF_Compute","1","1549"
"FDrawDebugCardGuidesCS","Global","SF_Compute","1","3125"
"FDrawTexturePS","Global","SF_Pixel","1","704"
"FDumpTextureCS","Global","SF_Compute","3","1481"
"FExrSwizzlePS","Global","SF_Pixel","12","25655"
"FExrSwizzleVS","Global","SF_Vertex","1","902"
"FFXAAPS","Global","SF_Pixel","12","51330"
"FFillSTDisplacementMapPS","Global","SF_Pixel","1","640"
"FFillSTDisplacementMapVS","Global","SF_Vertex","1","1094"
"FFilterPS","Global","SF_Pixel","32","41194"
"FFilterVS","Global","SF_Vertex","7","7747"
"FGPUDebugCrashUtilsCS","Global","SF_Compute","2","1212"
"FGPUSceneDebugRenderCS","Global","SF_Compute","1","8287"
"FGPUSceneSetInstancePrimitiveIdCS","Global","SF_Compute","1","2043"
"FGenerateMipsCS","Global","SF_Compute","4","3465"
"FGenerateMipsIndirectCS","Global","SF_Compute","4","3465"
"FGenerateMipsPS","Global","SF_Pixel","1","739"
"FGenerateMipsVS","Global","SF_Vertex","1","541"
"FGeneratePaniniUVDisplacementCS","Global","SF_Compute","1","1767"
"FGroomCacheUpdatePassCS","Global","SF_Compute","1","2386"
"FHMDDistortionPS","Global","SF_Pixel","1","895"
"FHMDDistortionVS","Global","SF_Vertex","1","973"
"FHZBBuildCS","Global","SF_Compute","48","83427"
"FHZBBuildPS","Global","SF_Pixel","2","2051"
"FHairCardsDeformationCS","Global","SF_Compute","2","4868"
"FHairDebugPrintHairSkinCacheCS","Global","SF_Compute","1","8378"
"FHairDebugPrintInstanceCS","Global","SF_Compute","1","42305"
"FHairDebugPrintMemoryCS","Global","SF_Compute","1","74587"
"FHairInitMeshSamplesCS","Global","SF_Compute","2","2753"
"FHairInterpolationCS","Global","SF_Compute","116","420677"
"FHairMeshesInterpolateCS","Global","SF_Compute","1","1663"
"FHairPrintLODInfoCS","Global","SF_Compute","1","3996"
"FHairProjectionHairDebugCS","Global","SF_Compute","2","57561"
"FHairTranscodeCS","Global","SF_Compute","2","3064"
"FHairUpdateMeshSamplesCS","Global","SF_Compute","1","1250"
"FHairUpdateMeshTriangleCS","Global","SF_Compute","4","14694"
"FHairUpdatePositionOffsetCS","Global","SF_Compute","4","3035"
"FHdrCustomResolve2xPS","Global","SF_Pixel","1","976"
"FHdrCustomResolve4xPS","Global","SF_Pixel","1","1259"
"FHdrCustomResolve8xPS","Global","SF_Pixel","1","1603"
"FHdrCustomResolveFMask2xPS","Global","SF_Pixel","1","981"
"FHdrCustomResolveFMask4xPS","Global","SF_Pixel","1","979"
"FHdrCustomResolveFMask8xPS","Global","SF_Pixel","1","978"
"FHdrCustomResolveVS","Global","SF_Vertex","1","437"
"FHitProxyCopyPS","Global","SF_Pixel","1","1023"
"FIESAtlasAddTextureCS","Global","SF_Compute","1","1755"
"FIESAtlasDebugInfoCS","Global","SF_Compute","1","7498"
"FImagePreTransformVS","Global","SF_Vertex","1","795"
"FInitIndirectArgs1DCS","Global","SF_Compute","1","757"
"FInjectShadowedLocalLightPS","Global","SF_Pixel","48","392869"
"FInterpolateGroomGuidesCS","Global","SF_Compute","2","6205"
"FInvertDisplacementPS","Global","SF_Pixel","1","619"
"FInvertDisplacementVS","Global","SF_Vertex","1","1071"
"FLUTBlenderPS","Global","SF_Pixel","20","239424"
"FLandscapeMergeTexturesPS","Global","SF_Pixel","2","1843"
"FLandscapePackRGBAChannelsPS","Global","SF_Pixel","1","950"
"FLandscapeResampleMergedTexturePS","Global","SF_Pixel","2","2148"
"FLensFlareBlurCS","Global","SF_Compute","1","1496"
"FLensFlareBlurComputeShaderVS","Global","SF_Vertex","1","1269"
"FLensFlareBlurPS","Global","SF_Pixel","1","679"
"FLensFlareBlurVS","Global","SF_Vertex","1","1780"
"FLensFlareCompositePS","Global","SF_Pixel","1","928"
"FLensFlareCopyBloomPS","Global","SF_Pixel","1","573"
"FLightGridFeedbackStatusCS","Global","SF_Compute","1","1145"
"FLightGridInjectionCS","Global","SF_Compute","96","614465"
"FLocalFogVolumeTiledCullingCS","Global","SF_Compute","2","6226"
"FLongGPUTaskPS","Global","SF_Pixel","1","580"
"FMediaCaptureResamplePS","Global","SF_Pixel","1","1089"
"FMediaShadersVS","Global","SF_Vertex","1","444"
"FMemcpyCS","Global","SF_Compute","3","2932"
"FMemsetBufferCS","Global","SF_Compute","3","2646"
"FMobileAverageLuminanceCS","Global","SF_Compute","1","1996"
"FMobileBasicEyeAdaptationCS","Global","SF_Compute","1","1710"
"FMobileBloomDownPS","Global","SF_Pixel","1","1365"
"FMobileBloomDownVS","Global","SF_Vertex","1","1964"
"FMobileBloomSetupPS","Global","SF_Pixel","10","17219"
"FMobileBloomSetupVS","Global","SF_Vertex","1","1211"
"FMobileBloomUpPS","Global","SF_Pixel","1","1679"
"FMobileBloomUpVS","Global","SF_Vertex","1","1877"
"FMobileCubeDownsamplePS","Global","SF_Pixel","1","1240"
"FMobileCustomResolvePS","Global","SF_Pixel","5","8053"
"FMobileDOFRecombinePS","Global","SF_Pixel","3","5132"
"FMobileDOFSetupPS","Global","SF_Pixel","5","10248"
"FMobileDistortionMergePS","Global","SF_Pixel","1","1064"
"FMobileDofBlurPS","Global","SF_Pixel","1","1610"
"FMobileDofBlurVS","Global","SF_Vertex","1","1323"
"FMobileDofDownPS","Global","SF_Pixel","2","2765"
"FMobileDofDownVS","Global","SF_Vertex","1","1309"
"FMobileDofNearPS","Global","SF_Pixel","2","2325"
"FMobileDofNearVS","Global","SF_Vertex","1","1374"
"FMobileFogPS","Global","SF_Pixel","204","1012722"
"FMobileFogVS","Global","SF_Vertex","1","1122"
"FMobileHistogramEyeAdaptationCS","Global","SF_Compute","1","4546"
"FMobileIntegrateDofPS","Global","SF_Pixel","1","1123"
"FMobileIntegrateDofVS","Global","SF_Vertex","1","1171"
"FMobileLocalFogVolumeTiledRenderHalfResPS","Global","SF_Pixel","1","3717"
"FMobileLocalFogVolumeTiledRenderPS","Global","SF_Pixel","1","3543"
"FMobileLocalFogVolumeTiledRenderVS","Global","SF_Vertex","1","1168"
"FMobileSunAlphaPS","Global","SF_Pixel","2","2220"
"FMobileSunAlphaVS","Global","SF_Vertex","1","1530"
"FMobileSunBlurPS","Global","SF_Pixel","1","991"
"FMobileSunBlurVS","Global","SF_Vertex","1","1531"
"FMobileSunMaskPS","Global","SF_Pixel","6","9598"
"FMobileSunMergePS","Global","SF_Pixel","4","5212"
"FMobileSunMergeVS","Global","SF_Vertex","1","1998"
"FModifyAlphaSwizzleRgbaPS","Global","SF_Pixel","3","1800"
"FNULLPS","Global","SF_Pixel","1","331"
"FNV12ConvertAsBytesPS","Global","SF_Pixel","1","2271"
"FNV12ConvertPS","Global","SF_Pixel","1","2099"
"FNV21ConvertPS","Global","SF_Pixel","1","1640"
"FNiagaraClearAsyncGpuTraceCS","Global","SF_Compute","1","825"
"FNiagaraClearCountsIntCS","Global","SF_Compute","1","701"
"FNiagaraClearCountsIntCS_Legacy","Global","SF_Compute","1","701"
"FNiagaraClearCountsUIntCS","Global","SF_Compute","1","690"
"FNiagaraClearCountsUIntCS_Legacy","Global","SF_Compute","1","690"
"FNiagaraClearUAVCS","Global","SF_Compute","1","644"
"FNiagaraCopySVTToDenseBufferCS","Global","SF_Compute","1","1502"
"FNiagaraDebugDrawLinePS","Global","SF_Pixel","1","1021"
"FNiagaraDebugDrawLineVS","Global","SF_Vertex","1","1230"
"FNiagaraDispatchIndirectArgsGenCS","Global","SF_Compute","1","1329"
"FNiagaraDrawIndirectArgsGenCS","Global","SF_Compute","2","2245"
"FNiagaraDrawIndirectResetCountsCS","Global","SF_Compute","1","728"
"FNiagaraGenerateMipsCS","Global","SF_Compute","4","4882"
"FNiagaraInitFreeIDBufferCS","Global","SF_Compute","1","739"
"FNiagaraInstanceCountsInitCS","Global","SF_Compute","1","703"
"FNiagaraLWCTileShiftPositionsCS","Global","SF_Compute","1","1236"
"FNiagaraRibbonAggregationApplyCS","Global","SF_Compute","6","8514"
"FNiagaraRibbonAggregationStepCS","Global","SF_Compute","9","15017"
"FNiagaraRibbonCreateIndexBufferCS","Global","SF_Compute","4","7608"
"FNiagaraRibbonCreateIndexBufferParamsCS","Global","SF_Compute","3","5831"
"FNiagaraRibbonSortPhase1CS","Global","SF_Compute","6","11019"
"FNiagaraRibbonSortPhase2CS","Global","SF_Compute","6","11014"
"FNiagaraRibbonUVParamCalculationCS","Global","SF_Compute","3","12848"
"FNiagaraRibbonVertexReductionFinalizeCS","Global","SF_Compute","6","12027"
"FNiagaraRibbonVertexReductionInitializationCS","Global","SF_Compute","9","33600"
"FNiagaraSimpleElement2DArrayAttribute","Global","SF_Pixel","1","1481"
"FNiagaraSimpleElementPS","Global","SF_Pixel","1","1215"
"FNiagaraSimpleElementVolumeAttribute","Global","SF_Pixel","1","1648"
"FNiagaraSortKeyGenCS","Global","SF_Compute","4","12291"
"FNiagaraUpdateCollisionGroupMapCS","Global","SF_Compute","1","1323"
"FNiagaraUpdateMeshGPUSceneInstancesCS","Global","SF_Compute","2","20017"
"FNiagaraVisualizeTexturePS","Global","SF_Pixel","8","12295"
"FOITSortTriangleIndex_AllocateCS","Global","SF_Compute","1","786"
"FOITSortTriangleIndex_Debug","Global","SF_Compute","1","11360"
"FOITSortTriangleIndex_ScanCS","Global","SF_Compute","2","7630"
"FOITSortTriangleIndex_WriteOutCS","Global","SF_Compute","1","1330"
"FOcclusionFeedbackPS","Global","SF_Pixel","2","1200"
"FOcclusionFeedbackVS","Global","SF_Vertex","1","943"
"FOcclusionQueryPS","Global","SF_Pixel","1","341"
"FOcclusionQueryVS","Global","SF_Vertex","1","798"
"FOculusAlphaInverseShader","Global","SF_Pixel","1","597"
"FOculusBlackShader","Global","SF_Pixel","1","331"
"FOculusCubemapPS","Global","SF_Pixel","1","1206"
"FOculusVertexShader","Global","SF_Vertex","1","444"
"FOculusWhiteShader","Global","SF_Pixel","1","333"
"FOneColorPS","Global","SF_Pixel","1","522"
"FOnePassPointShadowProjectionPS1falsefalse","Global","SF_Pixel","1","2434"
"FOnePassPointShadowProjectionPS1falsetrue","Global","SF_Pixel","1","2472"
"FOnePassPointShadowProjectionPS2falsefalse","Global","SF_Pixel","1","2434"
"FOnePassPointShadowProjectionPS2falsetrue","Global","SF_Pixel","1","2472"
"FOnePassPointShadowProjectionPS3falsefalse","Global","SF_Pixel","1","2887"
"FOnePassPointShadowProjectionPS3falsetrue","Global","SF_Pixel","1","2924"
"FOnePassPointShadowProjectionPS4falsefalse","Global","SF_Pixel","1","3219"
"FOnePassPointShadowProjectionPS4falsetrue","Global","SF_Pixel","1","3261"
"FOnePassPointShadowProjectionPS5falsefalse","Global","SF_Pixel","1","4127"
"FOnePassPointShadowProjectionPS5falsetrue","Global","SF_Pixel","1","4190"
"FOpenColorIOInvalidPixelShader","Global","SF_Pixel","1","3322"
"FP010ConvertAsUINT16sPS","Global","SF_Pixel","1","2153"
"FP010ConvertPS","Global","SF_Pixel","1","2239"
"FP010_2101010ConvertPS","Global","SF_Pixel","1","2335"
"FParticleCurveInjectionPS","Global","SF_Pixel","1","355"
"FParticleCurveInjectionVS","Global","SF_Vertex","1","834"
"FParticleInjectionVS","Global","SF_Vertex","1","1228"
"FParticleSimVisualizePS","Global","SF_Pixel","1","994"
"FParticleSimVisualizeVS","Global","SF_Vertex","1","657"
"FParticleSimulationClearPS","Global","SF_Pixel","1","388"
"FParticleTileVS","Global","SF_Vertex","1","1035"
"FPopulateCompositeDepthPS","Global","SF_Pixel","2","2772"
"FPostProcessBenchmarkVS0","Global","SF_Vertex","1","895"
"FPostProcessBenchmarkVS1","Global","SF_Vertex","1","510"
"FPostProcessBenchmarkVS2","Global","SF_Vertex","1","445"
"FRDGMemcpyCS","Global","SF_Compute","6","5550"
"FRDGMemsetBufferCS","Global","SF_Compute","6","5117"
"FRDGScatterCopyCS","Global","SF_Compute","7","6995"
"FRGB10toYUVv210ConvertPS","Global","SF_Pixel","1","2124"
"FRGB8toUYVY8ConvertPS","Global","SF_Pixel","1","1375"
"FRGB8toY8ConvertPS","Global","SF_Pixel","1","1147"
"FRGBConvertPS","Global","SF_Pixel","1","2097"
"FRadixSortClearOffsetsCS","Global","SF_Compute","1","521"
"FRadixSortDownsweepCS","Global","SF_Compute","1","6401"
"FRadixSortSpineCS","Global","SF_Compute","1","2586"
"FRadixSortUpsweepCS","Global","SF_Compute","1","2317"
"FReadTextureExternalPS","Global","SF_Pixel","1","1126"
"FRecenterSTDisplacementMapPS","Global","SF_Pixel","1","1033"
"FRectAtlasAddTexturePS","Global","SF_Pixel","1","1284"
"FRectAtlasCopyTexturePS","Global","SF_Pixel","1","849"
"FRectAtlasFilterTexturePS","Global","SF_Pixel","1","1867"
"FRectLightAtlasDebugInfoCS","Global","SF_Compute","1","8093"
"FRectLightAtlasVS","Global","SF_Vertex","1","1281"
"FRenderCameraAerialPerspectiveVolumeCS","Global","SF_Compute","32","237499"
"FRenderDebugSkyAtmospherePS","Global","SF_Pixel","1","6795"
"FRenderDistantSkyLightLutCS","Global","SF_Compute","2","8021"
"FRenderMultiScatteredLuminanceLutCS","Global","SF_Compute","2","9141"
"FRenderRealTimeReflectionHeightFogPS","Global","SF_Pixel","2","5770"
"FRenderRealTimeReflectionHeightFogVS","Global","SF_Vertex","1","940"
"FRenderSkyViewLutCS","Global","SF_Compute","16","100611"
"FRenderTransmittanceLutCS","Global","SF_Compute","1","2436"
"FResolveDepth2XPS","Global","SF_Pixel","1","637"
"FResolveDepth4XPS","Global","SF_Pixel","1","633"
"FResolveDepth8XPS","Global","SF_Pixel","1","635"
"FResolveDepthPS","Global","SF_Pixel","1","653"
"FResolveVS","Global","SF_Vertex","1","702"
"FSSProfilePreIntegratedPS","Global","SF_Pixel","1","2445"
"FScatterCopyCS","Global","SF_Compute","4","4014"
"FSceneCapturePS","Global","SF_Pixel","5","4017"
"FScreenPS","Global","SF_Pixel","1","548"
"FScreenPSArraySlice","Global","SF_Pixel","1","736"
"FScreenPSInvertAlpha","Global","SF_Pixel","1","589"
"FScreenPSMipLevel","Global","SF_Pixel","1","701"
"FScreenPS_OSE","Global","SF_Pixel","1","549"
"FScreenPSsRGBSource","Global","SF_Pixel","1","636"
"FScreenPSsRGBSourceMipLevel","Global","SF_Pixel","1","786"
"FScreenPassVS","Global","SF_Vertex","1","902"
"FScreenSpaceShadowsBendCS","Global","SF_Compute","3","10913"
"FScreenSpaceShadowsCS","Global","SF_Compute","1","2767"
"FScreenSpaceShadowsUpsamplePS","Global","SF_Pixel","2","3120"
"FScreenVS","Global","SF_Vertex","1","921"
"FScreenVertexShaderVS","Global","SF_Vertex","1","454"
"FScrollingShadowMaps2DPS","Global","SF_Pixel","1","836"
"FShaderBuildIndirectDispatchArgsCS","Global","SF_Compute","1","734"
"FShaderBuildIndirectDrawArgsCS","Global","SF_Compute","1","695"
"FShaderBuildSymbolBufferCS","Global","SF_Compute","1","6269"
"FShaderCompactStateBufferCS","Global","SF_Compute","1","1063"
"FShaderDrawDebugCopyCS","Global","SF_Compute","1","892"
"FShaderDrawDebugPS","Global","SF_Pixel","1","1254"
"FShaderDrawDebugVS","Global","SF_Vertex","2","3415"
"FShaderDrawSymbolsPS","Global","SF_Pixel","1","1860"
"FShaderDrawSymbolsVS","Global","SF_Vertex","1","2000"
"FShaderPrintClearCounterCS","Global","SF_Compute","1","411"
"FShaderPrintCopyCS","Global","SF_Compute","1","226"
"FShaderPrintUploadCS","Global","SF_Compute","1","226"
"FShaderZoomCS","Global","SF_Compute","1","1801"
"FShader_VirtualTextureCopy_PS< ERuntimeVirtualTextureMaterialType::BaseColor >","Global","SF_Pixel","1","612"
"FShader_VirtualTextureCopy_PS< ERuntimeVirtualTextureMaterialType::BaseColor_Normal_Specular >","Global","SF_Pixel","1","792"
"FShader_VirtualTextureCopy_PS< ERuntimeVirtualTextureMaterialType::BaseColor_Normal_Specular_Mask_YCoCg >","Global","SF_Pixel","1","970"
"FShader_VirtualTextureCopy_PS< ERuntimeVirtualTextureMaterialType::BaseColor_Normal_Specular_YCoCg >","Global","SF_Pixel","1","966"
"FShader_VirtualTextureCopy_PS< ERuntimeVirtualTextureMaterialType::Mask4 >","Global","SF_Pixel","1","659"
"FShader_VirtualTextureCopy_PS< ERuntimeVirtualTextureMaterialType::WorldHeight >","Global","SF_Pixel","1","604"
"FShader_VirtualTextureCopy_VS","Global","SF_Vertex","1","528"
"FShadowProjectionNoTransformVS","Global","SF_Vertex","1","403"
"FShadowVolumeBoundProjectionVS","Global","SF_Vertex","1","1008"
"FSimpleElementAlphaOnlyPS","Global","SF_Pixel","1","607"
"FSimpleElementDistanceFieldGammaPS","Global","SF_Pixel","1","1336"
"FSimpleElementGammaAlphaOnlyPS","Global","SF_Pixel","1","1054"
"FSimpleElementGammaPS_Linear","Global","SF_Pixel","1","1122"
"FSimpleElementGammaPS_SRGB","Global","SF_Pixel","1","1122"
"FSimpleElementMaskedGammaPS_Linear","Global","SF_Pixel","1","1195"
"FSimpleElementMaskedGammaPS_SRGB","Global","SF_Pixel","1","1195"
"FSimpleElementPS","Global","SF_Pixel","1","760"
"FSimpleElementVS","Global","SF_Vertex","1","919"
"FSimulationShaderDefaultCS","Global","SF_Compute","1","24605"
"FSkinUpdateCS","Global","SF_Compute","18","37481"
"FSlateDebugBatchingPS","Global","SF_Pixel","1","480"
"FSlateDebugOverdrawPS","Global","SF_Pixel","1","335"
"FSlateElementVS","Global","SF_Vertex","1","1344"
"FSlateMaskingPS","Global","SF_Pixel","1","333"
"FSlateMaskingVS","Global","SF_Vertex","1","670"
"FSlatePostProcessBlurPS","Global","SF_Pixel","1","1484"
"FSlatePostProcessColorDeficiencyPS","Global","SF_Pixel","1","3977"
"FSlatePostProcessDownsamplePS","Global","SF_Pixel","1","946"
"FSlatePostProcessUpsamplePS","Global","SF_Pixel","3","4543"
"FSparseVolumeTextureUpdateFromSparseBufferCS","Global","SF_Compute","3","5657"
"FSparseVolumeTextureUpdatePageTableCS","Global","SF_Compute","1","886"
"FStereoLayerPS","Global","SF_Pixel","1","737"
"FStereoLayerPS_External","Global","SF_Pixel","1","752"
"FStereoLayerVS","Global","SF_Vertex","1","883"
"FTemporalAACS","Global","SF_Compute","19","97530"
"FTemporalAAPS","Global","SF_Pixel","17","79417"
"FTemporalUpsampleDepthPS","Global","SF_Pixel","1","2801"
"FTonemapPS","Global","SF_Pixel","100","358735"
"FTonemapVS","Global","SF_Vertex","1","1660"
"FTransferVelocityPassCS","Global","SF_Compute","1","812"
"FUYVYConvertPS","Global","SF_Pixel","1","1514"
"FUpscalePS","Global","SF_Pixel","4","3118"
"FUpscaleVS","Global","SF_Vertex","1","1315"
"FVYUConvertPS","Global","SF_Pixel","1","2148"
"FVisualizeBufferPS","Global","SF_Pixel","1","1302"
"FVisualizeComplexityApplyPS","Global","SF_Pixel","2","9798"
"FVisualizeMotionVectorsPS","Global","SF_Pixel","1","2483"
"FVisualizeNanitePS","Global","SF_Pixel","1","1302"
"FVisualizeTexturePS","Global","SF_Pixel","6","8753"
"FVisualizeVirtualTextureApplyPS","Global","SF_Pixel","1","1456"
"FVolumetricFogFinalIntegrationCS","Global","SF_Compute","1","2046"
"FVolumetricFogLightScatteringCS","Global","SF_Compute","4","48441"
"FVolumetricFogMaterialSetupCS","Global","SF_Compute","4","12466"
"FWaterInfoTextureBlurPS","Global","SF_Pixel","1","1348"
"FWaterInfoTextureMergePS","Global","SF_Pixel","1","2372"
"FWholeSceneDirectionalShadowStencilVS","Global","SF_Vertex","1","621"
"FWriteToBoundingSphereVS","Global","SF_Vertex","1","1315"
"FYCbCrConvertPS","Global","SF_Pixel","1","1428"
"FYCbCrConvertPS_4x4Matrix","Global","SF_Pixel","1","1317"
"FYCoCgConvertPS","Global","SF_Pixel","1","2184"
"FYUVConvertPS","Global","SF_Pixel","1","1527"
"FYUVY416ConvertPS","Global","SF_Pixel","1","2243"
"FYUVv210ConvertPS","Global","SF_Pixel","1","2369"
"FYUVv216ConvertPS","Global","SF_Pixel","1","2577"
"FYUY2ConvertPS","Global","SF_Pixel","1","1542"
"FYVYUConvertPS","Global","SF_Pixel","1","1511"
"NiagaraComputeFreeIDsCS","Global","SF_Compute","1","1497"
"NiagaraFillIntBufferCS","Global","SF_Compute","1","628"
"RenderSkyAtmosphereEditorHudPS","Global","SF_Pixel","1","13237"
"TMobileHistogramCS< false >","Global","SF_Compute","1","2972"
"TMobileHistogramCS< true >","Global","SF_Compute","1","2441"
"TModulatedShadowProjection<1>","Global","SF_Pixel","1","2907"
"TModulatedShadowProjection<2>","Global","SF_Pixel","1","2907"
"TModulatedShadowProjection<3>","Global","SF_Pixel","1","2907"
"TModulatedShadowProjection<4>","Global","SF_Pixel","1","2907"
"TModulatedShadowProjection<5>","Global","SF_Pixel","1","2907"
"TOneColorPixelShaderMRT","Global","SF_Pixel","43","39855"
"TOneColorVSfalsefalse","Global","SF_Vertex","1","876"
"TOneColorVSfalsetrue","Global","SF_Vertex","1","982"
"TOneColorVStruefalse","Global","SF_Vertex","1","515"
"TOneColorVStruetrue","Global","SF_Vertex","1","610"
"TPageTableUpdatePS<PF_R16G16B16A16_UINT>","Global","SF_Pixel","1","369"
"TPageTableUpdatePS<PF_R16G16_UINT>","Global","SF_Pixel","1","391"
"TPageTableUpdatePS<PF_R16_UINT>","Global","SF_Pixel","1","369"
"TPageTableUpdatePS<PF_R32G32B32A32_UINT>","Global","SF_Pixel","1","369"
"TPageTableUpdatePS<PF_R32G32_UINT>","Global","SF_Pixel","1","391"
"TPageTableUpdatePS<PF_R32_UINT>","Global","SF_Pixel","1","369"
"TPageTableUpdateVS<false>","Global","SF_Vertex","1","1420"
"TPageTableUpdateVS<true>","Global","SF_Vertex","1","1422"
"TParticleInjectionPS<false>","Global","SF_Pixel","1","522"
"TParticleInjectionPS<true>","Global","SF_Pixel","1","429"
"TParticleSimulationPS<PCM_None>","Global","SF_Pixel","1","3354"
"TPrefilterPlanarReflectionPS<false>","Global","SF_Pixel","1","1036"
"TScreenVSForGS<true>","Global","SF_Vertex","1","1074"
"TSlateElementPSBorderfalsefalsefalsefalseA","Global","SF_Pixel","1","1643"
"TSlateElementPSBorderfalsetruefalsefalseA","Global","SF_Pixel","1","1636"
"TSlateElementPSBordertruefalsefalsefalseA","Global","SF_Pixel","1","1677"
"TSlateElementPSBordertruetruefalsefalseA","Global","SF_Pixel","1","1666"
"TSlateElementPSColorFontfalsetruefalsefalseA","Global","SF_Pixel","1","1320"
"TSlateElementPSColorFonttruetruefalsefalseA","Global","SF_Pixel","1","1349"
"TSlateElementPSDefaultfalsefalsefalsefalseA","Global","SF_Pixel","1","1338"
"TSlateElementPSDefaultfalsefalsefalsetrueA","Global","SF_Pixel","1","3018"
"TSlateElementPSDefaultfalsefalsetruefalseA","Global","SF_Pixel","1","1354"
"TSlateElementPSDefaultfalsefalsetruetrueA","Global","SF_Pixel","1","2990"
"TSlateElementPSDefaultfalsetruefalsefalseA","Global","SF_Pixel","1","1330"
"TSlateElementPSDefaultfalsetruefalsetrueA","Global","SF_Pixel","1","3027"
"TSlateElementPSDefaultfalsetruetruefalseA","Global","SF_Pixel","1","1367"
"TSlateElementPSDefaultfalsetruetruetrueA","Global","SF_Pixel","1","3004"
"TSlateElementPSDefaulttruefalsefalsefalseA","Global","SF_Pixel","1","1375"
"TSlateElementPSDefaulttruefalsefalsetrueA","Global","SF_Pixel","1","3048"
"TSlateElementPSDefaulttruefalsetruefalseA","Global","SF_Pixel","1","1387"
"TSlateElementPSDefaulttruefalsetruetrueA","Global","SF_Pixel","1","3019"
"TSlateElementPSDefaulttruetruefalsefalseA","Global","SF_Pixel","1","1365"
"TSlateElementPSDefaulttruetruefalsetrueA","Global","SF_Pixel","1","3049"
"TSlateElementPSDefaulttruetruetruefalseA","Global","SF_Pixel","1","1405"
"TSlateElementPSDefaulttruetruetruetrueA","Global","SF_Pixel","1","3029"
"TSlateElementPSGrayscaleFontfalsetruefalsefalseA","Global","SF_Pixel","1","1341"
"TSlateElementPSGrayscaleFonttruetruefalsefalseA","Global","SF_Pixel","1","1375"
"TSlateElementPSLineSegmentfalsetruefalsefalseA","Global","SF_Pixel","1","1441"
"TSlateElementPSLineSegmenttruetruefalsefalseA","Global","SF_Pixel","1","1460"
"TSlateElementPSMsdfFontfalsetruefalsefalseA","Global","SF_Pixel","1","1557"
"TSlateElementPSMsdfFonttruetruefalsefalseA","Global","SF_Pixel","1","1567"
"TSlateElementPSRoundedBoxfalsetruefalsefalseA","Global","SF_Pixel","1","2015"
"TSlateElementPSRoundedBoxtruetruefalsefalseA","Global","SF_Pixel","1","1808"
"TSlateElementPSSdfFontfalsetruefalsefalseA","Global","SF_Pixel","1","1551"
"TSlateElementPSSdfFonttruetruefalsefalseA","Global","SF_Pixel","1","1557"
"FDeferredDecalMobilePS","Material","SF_Pixel","1","4536"
"FDeferredDecalPS","Material","SF_Pixel","1","1734"
"FLightFunctionAtlasSlotPS","Material","SF_Pixel","2","902"
"FVolumetricFogLightFunctionPS","Material","SF_Pixel","8","11315"
"FDepthOnlyPS","MeshMaterial","SF_Pixel","16","21451"
"FMeshDecalsPS","MeshMaterial","SF_Pixel","1","954"
"FMeshDecalsVS","MeshMaterial","SF_Vertex","3","8693"
"FVelocityPS","MeshMaterial","SF_Pixel","37","71293"
"FVelocityVS","MeshMaterial","SF_Vertex","37","177032"
"TDepthOnlyVS<false>","MeshMaterial","SF_Vertex","36","115018"
"TDepthOnlyVS<true>","MeshMaterial","SF_Vertex","4","7415"
"TMobileBasePassPSFMobileDirectionalLightAndCSMPolicyLOCAL_LIGHTS_DISABLED","MeshMaterial","SF_Pixel","78","593751"
"TMobileBasePassPSFMobileDirectionalLightAndCSMPolicyLOCAL_LIGHTS_ENABLED","MeshMaterial","SF_Pixel","82","775944"
"TMobileBasePassPSFMobileDirectionalLightAndSHIndirectPolicyLOCAL_LIGHTS_DISABLED","MeshMaterial","SF_Pixel","103","812749"
"TMobileBasePassPSFMobileDirectionalLightAndSHIndirectPolicyLOCAL_LIGHTS_DISABLEDThinTranslGrey","MeshMaterial","SF_Pixel","4","49174"
"TMobileBasePassPSFMobileDirectionalLightAndSHIndirectPolicyLOCAL_LIGHTS_ENABLED","MeshMaterial","SF_Pixel","103","1011239"
"TMobileBasePassPSFMobileDirectionalLightAndSHIndirectPolicyLOCAL_LIGHTS_ENABLEDThinTranslGrey","MeshMaterial","SF_Pixel","4","53264"
"TMobileBasePassPSFMobileDirectionalLightCSMAndLightMapPolicyLOCAL_LIGHTS_DISABLED","MeshMaterial","SF_Pixel","8","50311"
"TMobileBasePassPSFMobileDirectionalLightCSMAndLightMapPolicyLOCAL_LIGHTS_ENABLED","MeshMaterial","SF_Pixel","11","91808"
"TMobileBasePassPSFMobileDirectionalLightCSMAndSHIndirectPolicyLOCAL_LIGHTS_DISABLED","MeshMaterial","SF_Pixel","82","688710"
"TMobileBasePassPSFMobileDirectionalLightCSMAndSHIndirectPolicyLOCAL_LIGHTS_ENABLED","MeshMaterial","SF_Pixel","82","844367"
"TMobileBasePassPSFMobileDistanceFieldShadowsAndLQLightMapPolicyLOCAL_LIGHTS_DISABLED","MeshMaterial","SF_Pixel","8","42641"
"TMobileBasePassPSFMobileDistanceFieldShadowsAndLQLightMapPolicyLOCAL_LIGHTS_ENABLED","MeshMaterial","SF_Pixel","11","81893"
"TMobileBasePassPSFMobileDistanceFieldShadowsLightMapAndCSMLightingPolicyLOCAL_LIGHTS_DISABLED","MeshMaterial","SF_Pixel","8","51726"
"TMobileBasePassPSFMobileDistanceFieldShadowsLightMapAndCSMLightingPolicyLOCAL_LIGHTS_ENABLED","MeshMaterial","SF_Pixel","11","93849"
"TMobileBasePassPSFNoLightMapPolicyLOCAL_LIGHTS_DISABLED","MeshMaterial","SF_Pixel","158","802288"
"TMobileBasePassPSFNoLightMapPolicyLOCAL_LIGHTS_DISABLEDThinTranslGrey","MeshMaterial","SF_Pixel","4","47127"
"TMobileBasePassPSFNoLightMapPolicyLOCAL_LIGHTS_ENABLED","MeshMaterial","SF_Pixel","103","934222"
"TMobileBasePassPSFNoLightMapPolicyLOCAL_LIGHTS_ENABLEDThinTranslGrey","MeshMaterial","SF_Pixel","4","53682"
"TMobileBasePassPSTLightMapPolicyLQLOCAL_LIGHTS_DISABLED","MeshMaterial","SF_Pixel","9","43613"
"TMobileBasePassPSTLightMapPolicyLQLOCAL_LIGHTS_ENABLED","MeshMaterial","SF_Pixel","12","84015"
"TMobileBasePassVSFMobileDirectionalLightAndCSMPolicy","MeshMaterial","SF_Vertex","44","158995"
"TMobileBasePassVSFMobileDirectionalLightAndSHIndirectPolicy","MeshMaterial","SF_Vertex","51","202427"
"TMobileBasePassVSFMobileDirectionalLightCSMAndLightMapPolicy","MeshMaterial","SF_Vertex","13","46558"
"TMobileBasePassVSFMobileDirectionalLightCSMAndSHIndirectPolicy","MeshMaterial","SF_Vertex","44","158995"
"TMobileBasePassVSFMobileDistanceFieldShadowsAndLQLightMapPolicy","MeshMaterial","SF_Vertex","13","47040"
"TMobileBasePassVSFMobileDistanceFieldShadowsLightMapAndCSMLightingPolicy","MeshMaterial","SF_Vertex","13","47040"
"TMobileBasePassVSFNoLightMapPolicy","MeshMaterial","SF_Vertex","63","263102"
"TMobileBasePassVSTLightMapPolicyLQ","MeshMaterial","SF_Vertex","15","59528"
"TShadowDepthPSPixelShadowDepth_NonPerspectiveCorrect","MeshMaterial","SF_Pixel","17","20660"
"TShadowDepthVSVertexShadowDepth_OutputDepth","MeshMaterial","SF_Vertex","36","139916"
"TShadowDepthVSVertexShadowDepth_OutputDepthPositionOnly","MeshMaterial","SF_Vertex","4","10120"
"FComputeKernelShader","ComputeKernel","SF_Compute","145","522318"
